Workbook

Sheet Inkomsten
A1: Inkomsten
A2: Vul hier je loon (en eventuele extra inkomsten) per maand in. Gele cellen zijn invulcellen.
A4: Datum | B4: Maand | C4: Categorie | D4: Omschrijving | E4: Bedrag (€)
A5: 46047 | B5: =TEXT(A5,"MMM") -> Jan | C5: Loon | D5: Nettoloon januari | E5: 3200
B6: =IF(A6="","",TEXT(A6,"MMM"))
B7: =IF(A7="","",TEXT(A7,"MMM"))
B8: =IF(A8="","",TEXT(A8,"MMM"))
B9: =IF(A9="","",TEXT(A9,"MMM"))
B10: =IF(A10="","",TEXT(A10,"MMM"))
B11: =IF(A11="","",TEXT(A11,"MMM"))
B12: =IF(A12="","",TEXT(A12,"MMM"))
B13: =IF(A13="","",TEXT(A13,"MMM"))
B14: =IF(A14="","",TEXT(A14,"MMM"))
B15: =IF(A15="","",TEXT(A15,"MMM"))
B16: =IF(A16="","",TEXT(A16,"MMM"))
B17: =IF(A17="","",TEXT(A17,"MMM"))
... B200: =IF(A200="","",TEXT(A200,"MMM"))
D202: TOTAAL INKOMSTEN | E202: =SUM(E5:E200) -> 3200

Sheet Budgetverdeling
A1: Budgetverdeling
A2: Bepaal hier hoe je loon wordt verdeeld. Pas de percentages (blauw) aan naar wens — 'Beleggen' is automatisch de rest.
A4: Gemiddeld maandinkomen (uit tabblad Inkomsten) | C4: =IFERROR(SUM(Inkomsten!E5:E200)/MAX(1,SUMPRODUCT(--(Inkomsten!E5:E200<>""))),0) -> 3200
A6: Categorie | B6: Percentage | C6: Bedrag per maand (€) | D6: Toelichting
A7: Vaste kosten | B7: 0.5 | C7: =$C$4*B7 -> 1600 | D7: Huur/hypotheek, energie, verzekeringen, boodschappen, abonnementen
A8: Sparen | B8: 0.15 | C8: =$C$4*B8 -> 480 | D8: Buffer voor onverwachte kosten (spaarrekening)
A9: Vrije tijd | B9: 0.15 | C9: =$C$4*B9 -> 480 | D9: Uitgaan, hobby's, reizen, DJ-materiaal, extraatjes
A10: Beleggen | B10: =MAX(0,1-B7-B8-B9) -> 0.2 | C10: =$C$4*B10 -> 640 | D10: Wat overblijft na vaste kosten, sparen en vrije tijd — inzetten voor aandelen/ETF's
A12: Totaal (moet 100% zijn) | B12: =B7+B8+B9+B10 -> 1 | C12: =SUM(C7:C10) -> 3200
A13: =IF(B7+B8+B9>1,"Let op: Vaste kosten + Sparen + Vrije tijd is meer dan 100% van je loon!","")

Sheet Uitgaven
A1: Uitgaven
A2: Vul hier je werkelijke uitgaven in en koppel ze aan een budgetgroep. Gele cellen zijn invulcellen.
A4: Datum | B4: Maand | C4: Budgetgroep | D4: Omschrijving | E4: Bedrag (€)
A5: 46025 | B5: =TEXT(A5,"MMM") -> Jan | C5: Vaste kosten | D5: Huur | E5: 950
A6: 46027 | B6: =TEXT(A6,"MMM") -> Jan | C6: Vaste kosten | D6: Energie + internet | E6: 180
A7: 46032 | B7: =TEXT(A7,"MMM") -> Jan | C7: Sparen | D7: Overschrijving spaarrekening | E7: 480
A8: 46037 | B8: =TEXT(A8,"MMM") -> Jan | C8: Vrije tijd | D8: Uit eten + DJ-avondje | E8: 90
A9: 46042 | B9: =TEXT(A9,"MMM") -> Jan | C9: Beleggen | D9: Inleg ETF-portefeuille | E9: 640
B10: =IF(A10="","",TEXT(A10,"MMM"))
B11: =IF(A11="","",TEXT(A11,"MMM"))
B12: =IF(A12="","",TEXT(A12,"MMM"))
B13: =IF(A13="","",TEXT(A13,"MMM"))
B14: =IF(A14="","",TEXT(A14,"MMM"))
B15: =IF(A15="","",TEXT(A15,"MMM"))
B16: =IF(A16="","",TEXT(A16,"MMM"))
B17: =IF(A17="","",TEXT(A17,"MMM"))
B18: =IF(A18="","",TEXT(A18,"MMM"))
B19: =IF(A19="","",TEXT(A19,"MMM"))
B20: =IF(A20="","",TEXT(A20,"MMM"))
B21: =IF(A21="","",TEXT(A21,"MMM"))
... B200: =IF(A200="","",TEXT(A200,"MMM"))
D202: TOTAAL UITGAVEN | E202: =SUM(E5:E200) -> 2340

Sheet Maandoverzicht
A1: Maandoverzicht
A2: Berekend automatisch op basis van Inkomsten, Budgetverdeling en Uitgaven.
A4: Inkomsten per maand
A5: Maand | B5: Inkomsten (€)
A6: Jan | B6: =SUMIFS(Inkomsten!$E$5:$E$200,Inkomsten!$B$5:$B$200,A6) -> 3200
A7: Feb | B7: =SUMIFS(Inkomsten!$E$5:$E$200,Inkomsten!$B$5:$B$200,A7) -> 0
A8: Mrt | B8: =SUMIFS(Inkomsten!$E$5:$E$200,Inkomsten!$B$5:$B$200,A8) -> 0
A9: Apr | B9: =SUMIFS(Inkomsten!$E$5:$E$200,Inkomsten!$B$5:$B$200,A9) -> 0
A10: Mei | B10: =SUMIFS(Inkomsten!$E$5:$E$200,Inkomsten!$B$5:$B$200,A10) -> 0
A11: Jun | B11: =SUMIFS(Inkomsten!$E$5:$E$200,Inkomsten!$B$5:$B$200,A11) -> 0
A12: Jul | B12: =SUMIFS(Inkomsten!$E$5:$E$200,Inkomsten!$B$5:$B$200,A12) -> 0
A13: Aug | B13: =SUMIFS(Inkomsten!$E$5:$E$200,Inkomsten!$B$5:$B$200,A13) -> 0
A14: Sep | B14: =SUMIFS(Inkomsten!$E$5:$E$200,Inkomsten!$B$5:$B$200,A14) -> 0
A15: Okt | B15: =SUMIFS(Inkomsten!$E$5:$E$200,Inkomsten!$B$5:$B$200,A15) -> 0
A16: Nov | B16: =SUMIFS(Inkomsten!$E$5:$E$200,Inkomsten!$B$5:$B$200,A16) -> 0
A17: Dec | B17: =SUMIFS(Inkomsten!$E$5:$E$200,Inkomsten!$B$5:$B$200,A17) -> 0
A19: Budget vs. werkelijke uitgaven per groep (totaal alle maanden)
A20: Budgetgroep | B20: Budget/maand (€) | C20: Werkelijk (totaal €) | D20: Budget (jaartotaal €) | E20: Verschil (€)
A21: Vaste kosten | B21: =Budgetverdeling!C7 -> 1600 | C21: =SUMIFS(Uitgaven!$E$5:$E$200,Uitgaven!$C$5:$C$200,A21) -> 1130 | D21: =B21*12 -> 19200 | E21: =D21-C21 -> 18070
A22: Sparen | B22: =Budgetverdeling!C8 -> 480 | C22: =SUMIFS(Uitgaven!$E$5:$E$200,Uitgaven!$C$5:$C$200,A22) -> 480 | D22: =B22*12 -> 5760 | E22: =D22-C22 -> 5280
A23: Vrije tijd | B23: =Budgetverdeling!C9 -> 480 | C23: =SUMIFS(Uitgaven!$E$5:$E$200,Uitgaven!$C$5:$C$200,A23) -> 90 | D23: =B23*12 -> 5760 | E23: =D23-C23 -> 5670
A24: Beleggen | B24: =Budgetverdeling!C10 -> 640 | C24: =SUMIFS(Uitgaven!$E$5:$E$200,Uitgaven!$C$5:$C$200,A24) -> 640 | D24: =B24*12 -> 7680 | E24: =D24-C24 -> 7040
A27: Opbouw beleggingspot per maand
A28: Maand | B28: Budget beleggen (€) | C28: Werkelijk belegd (€) | D28: Cumulatief belegd (€)
A29: Jan | B29: =Budgetverdeling!$C$10 -> 640 | C29: =SUMIFS(Uitgaven!$E$5:$E$200,Uitgaven!$C$5:$C$200,"Beleggen",Uitgaven!$B$5:$B$200,A29) -> 640 | D29: =C29 -> 640
A30: Feb | B30: =Budgetverdeling!$C$10 -> 640 | C30: =SUMIFS(Uitgaven!$E$5:$E$200,Uitgaven!$C$5:$C$200,"Beleggen",Uitgaven!$B$5:$B$200,A30) -> 0 | D30: =D29+C30 -> 640
A31: Mrt | B31: =Budgetverdeling!$C$10 -> 640 | C31: =SUMIFS(Uitgaven!$E$5:$E$200,Uitgaven!$C$5:$C$200,"Beleggen",Uitgaven!$B$5:$B$200,A31) -> 0 | D31: =D30+C31 -> 640
A32: Apr | B32: =Budgetverdeling!$C$10 -> 640 | C32: =SUMIFS(Uitgaven!$E$5:$E$200,Uitgaven!$C$5:$C$200,"Beleggen",Uitgaven!$B$5:$B$200,A32) -> 0 | D32: =D31+C32 -> 640
A33: Mei | B33: =Budgetverdeling!$C$10 -> 640 | C33: =SUMIFS(Uitgaven!$E$5:$E$200,Uitgaven!$C$5:$C$200,"Beleggen",Uitgaven!$B$5:$B$200,A33) -> 0 | D33: =D32+C33 -> 640
A34: Jun | B34: =Budgetverdeling!$C$10 -> 640 | C34: =SUMIFS(Uitgaven!$E$5:$E$200,Uitgaven!$C$5:$C$200,"Beleggen",Uitgaven!$B$5:$B$200,A34) -> 0 | D34: =D33+C34 -> 640
A35: Jul | B35: =Budgetverdeling!$C$10 -> 640 | C35: =SUMIFS(Uitgaven!$E$5:$E$200,Uitgaven!$C$5:$C$200,"Beleggen",Uitgaven!$B$5:$B$200,A35) -> 0 | D35: =D34+C35 -> 640
A36: Aug | B36: =Budgetverdeling!$C$10 -> 640 | C36: =SUMIFS(Uitgaven!$E$5:$E$200,Uitgaven!$C$5:$C$200,"Beleggen",Uitgaven!$B$5:$B$200,A36) -> 0 | D36: =D35+C36 -> 640
A37: Sep | B37: =Budgetverdeling!$C$10 -> 640 | C37: =SUMIFS(Uitgaven!$E$5:$E$200,Uitgaven!$C$5:$C$200,"Beleggen",Uitgaven!$B$5:$B$200,A37) -> 0 | D37: =D36+C37 -> 640
A38: Okt | B38: =Budgetverdeling!$C$10 -> 640 | C38: =SUMIFS(Uitgaven!$E$5:$E$200,Uitgaven!$C$5:$C$200,"Beleggen",Uitgaven!$B$5:$B$200,A38) -> 0 | D38: =D37+C38 -> 640
A39: Nov | B39: =Budgetverdeling!$C$10 -> 640 | C39: =SUMIFS(Uitgaven!$E$5:$E$200,Uitgaven!$C$5:$C$200,"Beleggen",Uitgaven!$B$5:$B$200,A39) -> 0 | D39: =D38+C39 -> 640
A40: Dec | B40: =Budgetverdeling!$C$10 -> 640 | C40: =SUMIFS(Uitgaven!$E$5:$E$200,Uitgaven!$C$5:$C$200,"Beleggen",Uitgaven!$B$5:$B$200,A40) -> 0 | D40: =D39+C40 -> 640

Sheet Dashboard
A1: Dashboard – Budget & Beleggen 2026
A2: Grafieken updaten automatisch zodra je gegevens invult op Inkomsten, Budgetverdeling en Uitgaven.

Sheet Uitleg
A1: Hoe gebruik je dit bestand?
A4: 1. INKOMSTEN - vul hier je loon (en eventueel bonus/overige inkomsten) per maand in.
A6: 2. BUDGETVERDELING - hier stel je in hoe je loon verdeeld wordt:
A7: - Vaste kosten: 50% (standaard) - huur, energie, verzekeringen, boodschappen
A8: - Sparen: 15% (standaard) - buffer voor onverwachte kosten
A9: - Vrije tijd: 15% (standaard) - hobby's, uitgaan, extraatjes
A10: - Beleggen: automatisch de REST (standaard 20%) - dit is wat overblijft
A11: Pas de blauwe percentages gerust aan; 'Beleggen' herberekent zichzelf.
A12: Deze verdeling is gebaseerd op de bekende 50/30/20-vuistregel voor budgetteren,
A13: hier verfijnd naar vier groepen zodat sparen en beleggen apart zichtbaar zijn.
A15: 3. UITGAVEN - vul hier je werkelijke uitgaven in en koppel elke uitgave aan een
A16: budgetgroep (Vaste kosten / Sparen / Vrije tijd / Beleggen / Overig).
... A25: Witte cellen met formules = laat die met rust, ze berekenen automatisch.
